﻿

<linker>

	<assembly fullname="mscorlib">
	    <type fullname="System.Object" preserve="all"/>
		<type fullname="System.Collections.Generic.List`1[System.Int32]" preserve="all"/>
		<type fullname="System.Collections.Generic.List`1[System.String]" preserve="all"/>
		<type fullname="System.Collections.Generic.Dictionary`2[System.String,UnityEngine.GameObject]" preserve="all"/>
		<type fullname="System.Collections.Generic.Dictionary`2[System.String,System.Boolean]" preserve="all"/>
		<type fullname="System.Collections.Generic.Dictionary`2[System.Object,System.Int32]" preserve="all"/>
		<type fullname="System.Action`1[System.String]" preserve="all"/>
		<type fullname="System.Action`1[System.Object]" preserve="all"/>
		<type fullname="System.Action`1[UnityEngine.Object]" preserve="all"/>
		<type fullname="System.Action`1[System.Int32]" preserve="all"/>
		<type fullname="System.Action`1[System.Boolean]" preserve="all"/>
		<type fullname="System.Action`1[System.Single]" preserve="all"/>
		<type fullname="System.Text.Encoding" preserve="all"/>
		<type fullname="System.IO.MemoryStream" preserve="all"/>
		<type fullname="System.Runtime.Serialization.Formatters.Binary.BinaryFormatter" preserve="all"/>
		<type fullname="System.IO.BinaryReader" preserve="all"/>
		<type fullname="System.IO.BinaryWriter" preserve="all"/>
		<type fullname="System.IO.SeekOrigin" preserve="all"/>
		<type fullname="System.Reflection.BindingFlags" preserve="all"/>
		<type fullname="System.Delegate" preserve="all"/>
		<type fullname="System.Collections.Generic.List`1[UnityEngine.GameObject]" preserve="all"/>
		<type fullname="System.Collections.Generic.List`1[UnityEngine.Sprite]" preserve="all"/>
		<type fullname="System.Collections.Generic.List`1[UnityEngine.UI.Image]" preserve="all"/>
		<type fullname="System.IO.StreamWriter" preserve="all"/>
		<type fullname="System.Object" preserve="all"/>
		<type fullname="System.Collections.Generic.List`1[System.Int32]" preserve="all"/>
		<type fullname="System.Collections.Generic.List`1[System.String]" preserve="all"/>
		<type fullname="System.Collections.Generic.Dictionary`2[System.String,UnityEngine.GameObject]" preserve="all"/>
		<type fullname="System.Collections.Generic.Dictionary`2[System.String,System.Boolean]" preserve="all"/>
		<type fullname="System.Collections.Generic.Dictionary`2[System.Object,System.Int32]" preserve="all"/>
		<type fullname="System.Text.Encoding" preserve="all"/>
		<type fullname="System.IO.MemoryStream" preserve="all"/>
		<type fullname="System.Runtime.Serialization.Formatters.Binary.BinaryFormatter" preserve="all"/>
		<type fullname="System.IO.BinaryReader" preserve="all"/>
		<type fullname="System.IO.BinaryWriter" preserve="all"/>
		<type fullname="System.IO.SeekOrigin" preserve="all"/>
		<type fullname="System.Reflection.BindingFlags" preserve="all"/>
		<type fullname="System.Collections.Generic.List`1[UnityEngine.GameObject]" preserve="all"/>
		<type fullname="System.Collections.Generic.List`1[UnityEngine.Sprite]" preserve="all"/>
		<type fullname="System.Collections.Generic.List`1[UnityEngine.UI.Image]" preserve="all"/>
		<type fullname="System.IO.StreamWriter" preserve="all"/>
		
	</assembly>

	<assembly fullname="UnityEngine.CoreModule">
	    <type fullname="UnityEngine.Object" preserve="all"/>
		<type fullname="UnityEngine.Vector2" preserve="all"/>
		<type fullname="UnityEngine.Vector3" preserve="all"/>
		<type fullname="UnityEngine.Vector4" preserve="all"/>
		<type fullname="UnityEngine.Quaternion" preserve="all"/>
		<type fullname="UnityEngine.Color" preserve="all"/>
		<type fullname="UnityEngine.Ray" preserve="all"/>
		<type fullname="UnityEngine.Bounds" preserve="all"/>
		<type fullname="UnityEngine.Ray2D" preserve="all"/>
		<type fullname="UnityEngine.Time" preserve="all"/>
		<type fullname="UnityEngine.GameObject" preserve="all"/>
		<type fullname="UnityEngine.Component" preserve="all"/>
		<type fullname="UnityEngine.Behaviour" preserve="all"/>
		<type fullname="UnityEngine.Transform" preserve="all"/>
		<type fullname="UnityEngine.Resources" preserve="all"/>
		<type fullname="UnityEngine.TextAsset" preserve="all"/>
		<type fullname="UnityEngine.Keyframe" preserve="all"/>
		<type fullname="UnityEngine.AnimationCurve" preserve="all"/>
		<type fullname="UnityEngine.MonoBehaviour" preserve="all"/>
		<type fullname="UnityEngine.SkinnedMeshRenderer" preserve="all"/>
		<type fullname="UnityEngine.Renderer" preserve="all"/>
		<type fullname="UnityEngine.Light" preserve="all"/>
		<type fullname="UnityEngine.Mathf" preserve="all"/>
		<type fullname="UnityEngine.Debug" preserve="all"/>
		<type fullname="UnityEngine.Events.UnityEvent" preserve="all"/>
		<type fullname="UnityEngine.Events.UnityEventBase" preserve="all"/>
		<type fullname="UnityEngine.SceneManagement.SceneManager" preserve="all"/>
		<type fullname="UnityEngine.WaitForSeconds" preserve="all"/>
		<type fullname="UnityEngine.Sprite" preserve="all"/>
		<type fullname="UnityEngine.Input" preserve="all"/>
		<type fullname="UnityEngine.KeyCode" preserve="all"/>
		<type fullname="UnityEngine.Camera" preserve="all"/>
		<type fullname="UnityEngine.SpriteRenderer" preserve="all"/>
		<type fullname="UnityEngine.Application" preserve="all"/>
		<type fullname="UnityEngine.Screen" preserve="all"/>
		<type fullname="UnityEngine.SleepTimeout" preserve="all"/>
		<type fullname="UnityEngine.RenderSettings" preserve="all"/>
		<type fullname="UnityEngine.QualitySettings" preserve="all"/>
		<type fullname="UnityEngine.GL" preserve="all"/>
		<type fullname="UnityEngine.Graphics" preserve="all"/>
		<type fullname="UnityEngine.PlayerPrefs" preserve="all"/>
		<type fullname="UnityEngine.Texture" preserve="all"/>
		<type fullname="UnityEngine.Texture2D" preserve="all"/>
		<type fullname="UnityEngine.Shader" preserve="all"/>
		<type fullname="UnityEngine.RectTransform" preserve="all"/>
		<type fullname="UnityEngine.Object" preserve="all"/>
		<type fullname="UnityEngine.Vector2" preserve="all"/>
		<type fullname="UnityEngine.Vector3" preserve="all"/>
		<type fullname="UnityEngine.Vector4" preserve="all"/>
		<type fullname="UnityEngine.Quaternion" preserve="all"/>
		<type fullname="UnityEngine.Color" preserve="all"/>
		<type fullname="UnityEngine.Ray" preserve="all"/>
		<type fullname="UnityEngine.Bounds" preserve="all"/>
		<type fullname="UnityEngine.Ray2D" preserve="all"/>
		<type fullname="UnityEngine.Time" preserve="all"/>
		<type fullname="UnityEngine.GameObject" preserve="all"/>
		<type fullname="UnityEngine.Component" preserve="all"/>
		<type fullname="UnityEngine.Behaviour" preserve="all"/>
		<type fullname="UnityEngine.Transform" preserve="all"/>
		<type fullname="UnityEngine.Resources" preserve="all"/>
		<type fullname="UnityEngine.TextAsset" preserve="all"/>
		<type fullname="UnityEngine.Keyframe" preserve="all"/>
		<type fullname="UnityEngine.AnimationCurve" preserve="all"/>
		<type fullname="UnityEngine.MonoBehaviour" preserve="all"/>
		<type fullname="UnityEngine.SkinnedMeshRenderer" preserve="all"/>
		<type fullname="UnityEngine.Renderer" preserve="all"/>
		<type fullname="UnityEngine.Light" preserve="all"/>
		<type fullname="UnityEngine.Mathf" preserve="all"/>
		<type fullname="UnityEngine.Debug" preserve="all"/>
		<type fullname="UnityEngine.Events.UnityEvent" preserve="all"/>
		<type fullname="UnityEngine.Events.UnityEventBase" preserve="all"/>
		<type fullname="UnityEngine.SceneManagement.SceneManager" preserve="all"/>
		<type fullname="UnityEngine.WaitForSeconds" preserve="all"/>
		<type fullname="UnityEngine.Sprite" preserve="all"/>
		<type fullname="UnityEngine.Input" preserve="all"/>
		<type fullname="UnityEngine.KeyCode" preserve="all"/>
		<type fullname="UnityEngine.Camera" preserve="all"/>
		<type fullname="UnityEngine.SpriteRenderer" preserve="all"/>
		<type fullname="UnityEngine.Application" preserve="all"/>
		<type fullname="UnityEngine.Screen" preserve="all"/>
		<type fullname="UnityEngine.SleepTimeout" preserve="all"/>
		<type fullname="UnityEngine.RenderSettings" preserve="all"/>
		<type fullname="UnityEngine.QualitySettings" preserve="all"/>
		<type fullname="UnityEngine.GL" preserve="all"/>
		<type fullname="UnityEngine.Graphics" preserve="all"/>
		<type fullname="UnityEngine.PlayerPrefs" preserve="all"/>
		<type fullname="UnityEngine.Texture" preserve="all"/>
		<type fullname="UnityEngine.Texture2D" preserve="all"/>
		<type fullname="UnityEngine.Shader" preserve="all"/>
		<type fullname="UnityEngine.RectTransform" preserve="all"/>
		
	</assembly>

	<assembly fullname="UnityEngine.AnimationModule">
	    <type fullname="UnityEngine.AnimationClip" preserve="all"/>
		<type fullname="UnityEngine.Animator" preserve="all"/>
		<type fullname="UnityEngine.Animation" preserve="all"/>
		<type fullname="UnityEngine.AnimatorStateInfo" preserve="all"/>
		<type fullname="UnityEngine.AnimationState" preserve="all"/>
		<type fullname="UnityEngine.AnimationBlendMode" preserve="all"/>
		<type fullname="UnityEngine.AnimationClip" preserve="all"/>
		<type fullname="UnityEngine.Animator" preserve="all"/>
		<type fullname="UnityEngine.Animation" preserve="all"/>
		<type fullname="UnityEngine.AnimatorStateInfo" preserve="all"/>
		<type fullname="UnityEngine.AnimationState" preserve="all"/>
		<type fullname="UnityEngine.AnimationBlendMode" preserve="all"/>
		
	</assembly>

	<assembly fullname="UnityEngine.ParticleSystemModule">
	    <type fullname="UnityEngine.ParticleSystem" preserve="all"/>
		<type fullname="UnityEngine.ParticleSystem" preserve="all"/>
		
	</assembly>

	<assembly fullname="UnityEngine.UnityWebRequestWWWModule">
	    <type fullname="UnityEngine.WWW" preserve="all"/>
		<type fullname="UnityEngine.WWW" preserve="all"/>
		
	</assembly>

	<assembly fullname="UnityEngine.UnityWebRequestModule">
	    <type fullname="UnityEngine.WWWForm" preserve="all"/>
		<type fullname="UnityEngine.WWWForm" preserve="all"/>
		
	</assembly>

	<assembly fullname="System">
	    <type fullname="System.Collections.Generic.Queue`1[NetMsg]" preserve="all"/>
		<type fullname="System.Collections.Generic.Queue`1[NetMsg]" preserve="all"/>
		
	</assembly>

	<assembly fullname="System.Core">
	    <type fullname="System.Action" preserve="all"/>
		
	</assembly>

	<assembly fullname="UnityEngine.UI">
	    <type fullname="UnityEngine.UI.Button" preserve="all"/>
		<type fullname="UnityEngine.UI.Button+ButtonClickedEvent" preserve="all"/>
		<type fullname="UnityEngine.EventSystems.PointerEventData" preserve="all"/>
		<type fullname="UnityEngine.EventSystems.BaseEventData" preserve="all"/>
		<type fullname="UnityEngine.UI.Text" preserve="all"/>
		<type fullname="UnityEngine.UI.Slider" preserve="all"/>
		<type fullname="UnityEngine.UI.Image" preserve="all"/>
		<type fullname="UnityEngine.UI.ScrollRect" preserve="all"/>
		<type fullname="UnityEngine.UI.InputField" preserve="all"/>
		<type fullname="UnityEngine.UI.Scrollbar" preserve="all"/>
		<type fullname="UnityEngine.UI.Toggle" preserve="all"/>
		<type fullname="UnityEngine.UI.ToggleGroup" preserve="all"/>
		<type fullname="UnityEngine.UI.Toggle+ToggleEvent" preserve="all"/>
		<type fullname="UnityEngine.UI.LayoutGroup" preserve="all"/>
		<type fullname="UnityEngine.UI.GridLayoutGroup" preserve="all"/>
		<type fullname="UnityEngine.UI.HorizontalLayoutGroup" preserve="all"/>
		<type fullname="UnityEngine.UI.VerticalLayoutGroup" preserve="all"/>
		<type fullname="UnityEngine.UI.SpriteState" preserve="all"/>
		<type fullname="UnityEngine.UI.Selectable" preserve="all"/>
		<type fullname="UnityEngine.EventSystems.EventTriggerType" preserve="all"/>
		<type fullname="UnityEngine.EventSystems.EventSystem" preserve="all"/>
		<type fullname="UnityEngine.UI.ScrollRect+ScrollRectEvent" preserve="all"/>
		<type fullname="UnityEngine.UI.Dropdown+DropdownEvent" preserve="all"/>
		<type fullname="UnityEngine.UI.InputField+SubmitEvent" preserve="all"/>
		<type fullname="UnityEngine.UI.Slider+SliderEvent" preserve="all"/>
		<type fullname="UnityEngine.UI.Button" preserve="all"/>
		<type fullname="UnityEngine.UI.Button+ButtonClickedEvent" preserve="all"/>
		<type fullname="UnityEngine.EventSystems.PointerEventData" preserve="all"/>
		<type fullname="UnityEngine.EventSystems.BaseEventData" preserve="all"/>
		<type fullname="UnityEngine.UI.Text" preserve="all"/>
		<type fullname="UnityEngine.UI.Slider" preserve="all"/>
		<type fullname="UnityEngine.UI.Image" preserve="all"/>
		<type fullname="UnityEngine.UI.ScrollRect" preserve="all"/>
		<type fullname="UnityEngine.UI.InputField" preserve="all"/>
		<type fullname="UnityEngine.UI.Scrollbar" preserve="all"/>
		<type fullname="UnityEngine.UI.Toggle" preserve="all"/>
		<type fullname="UnityEngine.UI.ToggleGroup" preserve="all"/>
		<type fullname="UnityEngine.UI.Toggle+ToggleEvent" preserve="all"/>
		<type fullname="UnityEngine.UI.LayoutGroup" preserve="all"/>
		<type fullname="UnityEngine.UI.GridLayoutGroup" preserve="all"/>
		<type fullname="UnityEngine.UI.HorizontalLayoutGroup" preserve="all"/>
		<type fullname="UnityEngine.UI.VerticalLayoutGroup" preserve="all"/>
		<type fullname="UnityEngine.UI.SpriteState" preserve="all"/>
		<type fullname="UnityEngine.UI.Selectable" preserve="all"/>
		<type fullname="UnityEngine.EventSystems.EventTriggerType" preserve="all"/>
		<type fullname="UnityEngine.EventSystems.EventSystem" preserve="all"/>
		<type fullname="UnityEngine.UI.ScrollRect+ScrollRectEvent" preserve="all"/>
		<type fullname="UnityEngine.UI.Dropdown+DropdownEvent" preserve="all"/>
		<type fullname="UnityEngine.UI.InputField+SubmitEvent" preserve="all"/>
		<type fullname="UnityEngine.UI.Slider+SliderEvent" preserve="all"/>
		
	</assembly>

	<assembly fullname="UnityEngine.Physics2DModule">
	    <type fullname="UnityEngine.Physics2D" preserve="all"/>
		<type fullname="UnityEngine.Physics2D" preserve="all"/>
		
	</assembly>

	<assembly fullname="UnityEngine.PhysicsModule">
	    <type fullname="UnityEngine.Physics" preserve="all"/>
		<type fullname="UnityEngine.RaycastHit" preserve="all"/>
		<type fullname="UnityEngine.Collider" preserve="all"/>
		<type fullname="UnityEngine.BoxCollider" preserve="all"/>
		<type fullname="UnityEngine.MeshCollider" preserve="all"/>
		<type fullname="UnityEngine.SphereCollider" preserve="all"/>
		<type fullname="UnityEngine.CharacterController" preserve="all"/>
		<type fullname="UnityEngine.CapsuleCollider" preserve="all"/>
		<type fullname="UnityEngine.Physics" preserve="all"/>
		<type fullname="UnityEngine.RaycastHit" preserve="all"/>
		<type fullname="UnityEngine.Collider" preserve="all"/>
		<type fullname="UnityEngine.BoxCollider" preserve="all"/>
		<type fullname="UnityEngine.MeshCollider" preserve="all"/>
		<type fullname="UnityEngine.SphereCollider" preserve="all"/>
		<type fullname="UnityEngine.CharacterController" preserve="all"/>
		<type fullname="UnityEngine.CapsuleCollider" preserve="all"/>
		
	</assembly>

	<assembly fullname="UnityEngine.AudioModule">
	    <type fullname="UnityEngine.AudioClip" preserve="all"/>
		<type fullname="UnityEngine.AudioClip" preserve="all"/>
		
	</assembly>

	<assembly fullname="UnityEngine.AssetBundleModule">
	    <type fullname="UnityEngine.AssetBundle" preserve="all"/>
		<type fullname="UnityEngine.AssetBundle" preserve="all"/>
		
	</assembly>

	<assembly fullname="UnityEngine.TextRenderingModule">
	    <type fullname="UnityEngine.TextAnchor" preserve="all"/>
		<type fullname="UnityEngine.TextMesh" preserve="all"/>
		<type fullname="UnityEngine.TextAnchor" preserve="all"/>
		<type fullname="UnityEngine.TextMesh" preserve="all"/>
		
	</assembly>

	<assembly fullname="UnityEngine.UIModule">
	    <type fullname="UnityEngine.CanvasGroup" preserve="all"/>
		<type fullname="UnityEngine.CanvasGroup" preserve="all"/>
		
	</assembly>

	<assembly fullname="Assembly-CSharp">
	    <type fullname="Bullet" preserve="all"/>
		<type fullname="Cannon" preserve="all"/>
		<type fullname="FishMsg" preserve="all"/>
		<type fullname="Fish" preserve="all"/>
		<type fullname="FishingManager" preserve="all"/>
		<type fullname="ZTLXBullet" preserve="all"/>
		<type fullname="Mahjong.MahjongData" preserve="all"/>
		<type fullname="Mahjong.PlayerHand" preserve="all"/>
		<type fullname="Mahjong.TileData" preserve="all"/>
		<type fullname="DownloadManager" preserve="all"/>
		<type fullname="GameEventManager" preserve="all"/>
		<type fullname="GameMaster" preserve="all"/>
		<type fullname="LoadManager" preserve="all"/>
		<type fullname="LuaManager" preserve="all"/>
		<type fullname="NetMsg" preserve="all"/>
		<type fullname="NetworkManager" preserve="all"/>
		<type fullname="NewSpawnPool" preserve="all"/>
		<type fullname="PoolManager" preserve="all"/>
		<type fullname="SceneLoadManager" preserve="all"/>
		<type fullname="SocketClient" preserve="all"/>
		<type fullname="SoundManager" preserve="all"/>
		<type fullname="TweenHelpManager" preserve="all"/>
		<type fullname="UIManager" preserve="all"/>
		<type fullname="GameLoading" preserve="all"/>
		<type fullname="LoadingView" preserve="all"/>
		<type fullname="LuaBehaviour" preserve="all"/>
		<type fullname="LuaBehaviourNew" preserve="all"/>
		<type fullname="MessageBox" preserve="all"/>
		<type fullname="BaoFuLaText" preserve="all"/>
		<type fullname="BaseBehaviour" preserve="all"/>
		<type fullname="ChangeSprite" preserve="all"/>
		<type fullname="Coroutine_Runner" preserve="all"/>
		<type fullname="DestroyObj" preserve="all"/>
		<type fullname="DragonPot" preserve="all"/>
		<type fullname="EffectMove" preserve="all"/>
		<type fullname="UnityEngineGameObjectExtention" preserve="all"/>
		<type fullname="HideObj" preserve="all"/>
		<type fullname="PhysicsTool" preserve="all"/>
		<type fullname="SdkTool" preserve="all"/>
		<type fullname="SendEvent" preserve="all"/>
		<type fullname="SetTextMesh" preserve="all"/>
		<type fullname="TextSetting" preserve="all"/>
		<type fullname="Tutorial.BaseClass" preserve="all"/>
		<type fullname="Tutorial.TestEnum" preserve="all"/>
		<type fullname="Tutorial.DerivedClass" preserve="all"/>
		<type fullname="Tutorial.DerivedClass+TestEnumInner" preserve="all"/>
		<type fullname="Tutorial.ICalc" preserve="all"/>
		<type fullname="Tutorial.DerivedClassExtensions" preserve="all"/>
		
	</assembly>

</linker>