﻿

<linker>

	<assembly fullname="DOTween">
	    <type fullname="DG.Tweening.AutoPlay" preserve="all"/>
		<type fullname="DG.Tweening.AxisConstraint" preserve="all"/>
		<type fullname="DG.Tweening.Ease" preserve="all"/>
		<type fullname="DG.Tweening.LogBehaviour" preserve="all"/>
		<type fullname="DG.Tweening.LoopType" preserve="all"/>
		<type fullname="DG.Tweening.PathMode" preserve="all"/>
		<type fullname="DG.Tweening.PathType" preserve="all"/>
		<type fullname="DG.Tweening.RotateMode" preserve="all"/>
		<type fullname="DG.Tweening.ScrambleMode" preserve="all"/>
		<type fullname="DG.Tweening.TweenType" preserve="all"/>
		<type fullname="DG.Tweening.UpdateType" preserve="all"/>
		<type fullname="DG.Tweening.DOTween" preserve="all"/>
		<type fullname="DG.Tweening.DOVirtual" preserve="all"/>
		<type fullname="DG.Tweening.EaseFactory" preserve="all"/>
		<type fullname="DG.Tweening.Tweener" preserve="all"/>
		<type fullname="DG.Tweening.Tween" preserve="all"/>
		<type fullname="DG.Tweening.Sequence" preserve="all"/>
		<type fullname="DG.Tweening.TweenParams" preserve="all"/>
		<type fullname="DG.Tweening.Core.ABSSequentiable" preserve="all"/>
		<type fullname="DG.Tweening.Core.TweenerCore`3[UnityEngine.Vector2,UnityEngine.Vector2,DG.Tweening.Plugins.Options.VectorOptions]" preserve="all"/>
		<type fullname="DG.Tweening.Core.TweenerCore`3[UnityEngine.Vector3,UnityEngine.Vector3,DG.Tweening.Plugins.Options.VectorOptions]" preserve="all"/>
		<type fullname="DG.Tweening.TweenCallback" preserve="all"/>
		<type fullname="DG.Tweening.TweenExtensions" preserve="all"/>
		<type fullname="DG.Tweening.TweenSettingsExtensions" preserve="all"/>
		<type fullname="DG.Tweening.ShortcutExtensions" preserve="all"/>
		<type fullname="DG.Tweening.AutoPlay" preserve="all"/>
		<type fullname="DG.Tweening.AxisConstraint" preserve="all"/>
		<type fullname="DG.Tweening.Ease" preserve="all"/>
		<type fullname="DG.Tweening.LogBehaviour" preserve="all"/>
		<type fullname="DG.Tweening.LoopType" preserve="all"/>
		<type fullname="DG.Tweening.PathMode" preserve="all"/>
		<type fullname="DG.Tweening.PathType" preserve="all"/>
		<type fullname="DG.Tweening.RotateMode" preserve="all"/>
		<type fullname="DG.Tweening.ScrambleMode" preserve="all"/>
		<type fullname="DG.Tweening.TweenType" preserve="all"/>
		<type fullname="DG.Tweening.UpdateType" preserve="all"/>
		<type fullname="DG.Tweening.DOTween" preserve="all"/>
		<type fullname="DG.Tweening.DOVirtual" preserve="all"/>
		<type fullname="DG.Tweening.EaseFactory" preserve="all"/>
		<type fullname="DG.Tweening.Tweener" preserve="all"/>
		<type fullname="DG.Tweening.Tween" preserve="all"/>
		<type fullname="DG.Tweening.Sequence" preserve="all"/>
		<type fullname="DG.Tweening.TweenParams" preserve="all"/>
		<type fullname="DG.Tweening.Core.ABSSequentiable" preserve="all"/>
		<type fullname="DG.Tweening.Core.TweenerCore`3[UnityEngine.Vector2,UnityEngine.Vector2,DG.Tweening.Plugins.Options.VectorOptions]" preserve="all"/>
		<type fullname="DG.Tweening.Core.TweenerCore`3[UnityEngine.Vector3,UnityEngine.Vector3,DG.Tweening.Plugins.Options.VectorOptions]" preserve="all"/>
		<type fullname="DG.Tweening.TweenExtensions" preserve="all"/>
		<type fullname="DG.Tweening.TweenSettingsExtensions" preserve="all"/>
		<type fullname="DG.Tweening.ShortcutExtensions" preserve="all"/>
		
	</assembly>

	<assembly fullname="DOTween43">
	    <type fullname="DG.Tweening.ShortcutExtensions43" preserve="all"/>
		<type fullname="DG.Tweening.ShortcutExtensions43" preserve="all"/>
		
	</assembly>

	<assembly fullname="DOTween46">
	    <type fullname="DG.Tweening.ShortcutExtensions46" preserve="all"/>
		<type fullname="DG.Tweening.ShortcutExtensions46" preserve="all"/>
		
	</assembly>

	<assembly fullname="DOTween50">
	    <type fullname="DG.Tweening.ShortcutExtensions50" preserve="all"/>
		<type fullname="DG.Tweening.ShortcutExtensions50" preserve="all"/>
		
	</assembly>

	<assembly fullname="Assembly-CSharp">
	    <type fullname="UniWebView" preserve="all"/>
		<type fullname="UniWebViewMessage" preserve="all"/>
		<type fullname="UniWebViewOrientation" preserve="all"/>
		<type fullname="UniWebViewEdgeInsets" preserve="all"/>
		<type fullname="UniWebViewHelper" preserve="all"/>
		<type fullname="DCAgent" preserve="all"/>
		<type fullname="DCAccount" preserve="all"/>
		<type fullname="DCCardsGame" preserve="all"/>
		<type fullname="DCCoin" preserve="all"/>
		<type fullname="DCConfigParams" preserve="all"/>
		<type fullname="DCEvent" preserve="all"/>
		<type fullname="DCItem" preserve="all"/>
		<type fullname="DCLevels" preserve="all"/>
		<type fullname="DCTask" preserve="all"/>
		<type fullname="DCTracking" preserve="all"/>
		<type fullname="DCVirtualCurrency" preserve="all"/>
		<type fullname="DCReportMode" preserve="all"/>
		<type fullname="DCAccountType" preserve="all"/>
		<type fullname="DCGender" preserve="all"/>
		<type fullname="DCTaskType" preserve="all"/>
		<type fullname="GameConfigProject" preserve="all"/>
		<type fullname="GameSDKInterface" preserve="all"/>
		<type fullname="GameSDKCallback" preserve="all"/>
		<type fullname="GameUGUIEventDispatcher" preserve="all"/>
		<type fullname="SmartTimer" preserve="all"/>
		<type fullname="TimeEvent" preserve="all"/>
		<type fullname="LuaHelper" preserve="all"/>
		<type fullname="ComponentUtil" preserve="all"/>
		<type fullname="TransformUtil" preserve="all"/>
		<type fullname="CustomerUtil" preserve="all"/>
		<type fullname="EventTriggerListener" preserve="all"/>
		<type fullname="WWWOperation" preserve="all"/>
		<type fullname="WWWUtil" preserve="all"/>
		<type fullname="FileUtilityEx" preserve="all"/>
		<type fullname="LogUtil" preserve="all"/>
		<type fullname="TextWrapEx" preserve="all"/>
		<type fullname="MonoBehaviourEventDispatcher" preserve="all"/>
		<type fullname="UGUISpriteAnimation" preserve="all"/>
		<type fullname="RuntimeDebug" preserve="all"/>
		<type fullname="AppDefine" preserve="all"/>
		<type fullname="AppManager" preserve="all"/>
		<type fullname="AssetBundleManager" preserve="all"/>
		<type fullname="DOTweenExtend" preserve="all"/>
		<type fullname="ExtendDefine" preserve="all"/>
		<type fullname="GameManager" preserve="all"/>
		<type fullname="HeartBeatManager" preserve="all"/>
		<type fullname="HotUpdate.HotUpdateManager" preserve="all"/>
		<type fullname="LoadingDataUIData" preserve="all"/>
		<type fullname="LuaBehaviour" preserve="all"/>
		<type fullname="FrameWork.ObjectPoolManager" preserve="all"/>
		<type fullname="Main" preserve="all"/>
		<type fullname="MessageBoxResult" preserve="all"/>
		<type fullname="MessageBoxStyle" preserve="all"/>
		<type fullname="NetworkManager" preserve="all"/>
		<type fullname="PrefsUtility" preserve="all"/>
		<type fullname="ScrollPage" preserve="all"/>
		<type fullname="Singleton`1[AppManager]" preserve="all"/>
		<type fullname="Singleton`1[AssetBundleManager]" preserve="all"/>
		<type fullname="Singleton`1[GameManager]" preserve="all"/>
		<type fullname="Singleton`1[HeartBeatManager]" preserve="all"/>
		<type fullname="Singleton`1[HotUpdate.HotUpdateManager]" preserve="all"/>
		<type fullname="Singleton`1[NetworkManager]" preserve="all"/>
		<type fullname="Singleton`1[SoundManager]" preserve="all"/>
		<type fullname="Singleton`1[TimeManager]" preserve="all"/>
		<type fullname="Singleton`1[UISpriteManager]" preserve="all"/>
		<type fullname="HotUpdate.UpdateProgressInfo" preserve="all"/>
		<type fullname="SocketClient" preserve="all"/>
		<type fullname="FrameWork.Random" preserve="all"/>
		<type fullname="ConnectState" preserve="all"/>
		<type fullname="SoundManager" preserve="all"/>
		<type fullname="TimeManager" preserve="all"/>
		<type fullname="UIBubblePrompt" preserve="all"/>
		<type fullname="UILoading" preserve="all"/>
		<type fullname="UILoadingData" preserve="all"/>
		<type fullname="UIMessageBox" preserve="all"/>
		<type fullname="UINetworkMessage" preserve="all"/>
		<type fullname="UISpriteManager" preserve="all"/>
		<type fullname="UIUpdateGame" preserve="all"/>
		<type fullname="Utility" preserve="all"/>
		<type fullname="WindowBase" preserve="all"/>
		<type fullname="LuaCoroutine" preserve="all"/>
		<type fullname="WindowManager" preserve="all"/>
		<type fullname="WindowManager+WindowPool" preserve="all"/>
		<type fullname="WindowNode" preserve="all"/>
		<type fullname="WindowNodeInitParam" preserve="all"/>
		<type fullname="UIStateSwitcher" preserve="all"/>
		<type fullname="SpriteHolder" preserve="all"/>
		<type fullname="UniWebView" preserve="all"/>
		<type fullname="UniWebViewMessage" preserve="all"/>
		<type fullname="UniWebViewOrientation" preserve="all"/>
		<type fullname="UniWebViewEdgeInsets" preserve="all"/>
		<type fullname="UniWebViewHelper" preserve="all"/>
		<type fullname="LuaGameBehaviour" preserve="all"/>
		<type fullname="LuaWindowBase" preserve="all"/>
		<type fullname="mogen.Bullet" preserve="all"/>
		<type fullname="mogen.Cannon" preserve="all"/>
		<type fullname="mogen.FishMsg" preserve="all"/>
		<type fullname="mogen.Fish" preserve="all"/>
		<type fullname="mogen.FishingManager" preserve="all"/>
		<type fullname="mogen.ZTLXBullet" preserve="all"/>
		<type fullname="mogen.NetMsg" preserve="all"/>
		<type fullname="mogen.NetworkManager" preserve="all"/>
		<type fullname="mogen.SocketClient" preserve="all"/>
		<type fullname="mogen.SoundManager" preserve="all"/>
		<type fullname="mogen.UIManager" preserve="all"/>
		<type fullname="mogen.LuaBehaviour" preserve="all"/>
		<type fullname="mogen.BaseBehaviour" preserve="all"/>
		<type fullname="mogen.DestroyObj" preserve="all"/>
		<type fullname="mogen.EffectMove" preserve="all"/>
		<type fullname="mogen.HideObj" preserve="all"/>
		<type fullname="mogen.SetSprite" preserve="all"/>
		<type fullname="mogen.SetTextMesh" preserve="all"/>
		<type fullname="mogen.ShowObj" preserve="all"/>
		<type fullname="mogen.TextSetting" preserve="all"/>
		
	</assembly>

	<assembly fullname="mscorlib">
	    <type fullname="System.Collections.Generic.Dictionary`2[System.String,System.String]" preserve="all"/>
		<type fullname="System.Guid" preserve="all"/>
		<type fullname="System.Object" preserve="all"/>
		<type fullname="System.Reflection.Missing" preserve="all"/>
		<type fullname="System.Type" preserve="all"/>
		<type fullname="System.Collections.Generic.List`1[System.Int32]" preserve="all"/>
		<type fullname="System.Collections.Generic.Dictionary`2[System.String,UnityEngine.GameObject]" preserve="all"/>
		<type fullname="System.Collections.Generic.Dictionary`2[System.String,System.String]" preserve="all"/>
		
	</assembly>

	<assembly fullname="System">
	    <type fullname="System.ComponentModel.Component" preserve="all"/>
		
	</assembly>

	<assembly fullname="Assembly-CSharp-firstpass">
	    <type fullname="BuglyInit" preserve="all"/>
		<type fullname="BuglyAgent" preserve="all"/>
		<type fullname="BuglyCallback" preserve="all"/>
		<type fullname="LogSeverity" preserve="all"/>
		
	</assembly>

	<assembly fullname="UnityEngine.UI">
	    <type fullname="UnityEngine.UI.VerticalLayoutGroup" preserve="all"/>
		<type fullname="UnityEngine.UI.ToggleGroup" preserve="all"/>
		<type fullname="UnityEngine.UI.Toggle+ToggleTransition" preserve="all"/>
		<type fullname="UnityEngine.UI.Toggle+ToggleEvent" preserve="all"/>
		<type fullname="UnityEngine.UI.Toggle" preserve="all"/>
		<type fullname="UnityEngine.UI.Text" preserve="all"/>
		<type fullname="UnityEngine.UI.SpriteState" preserve="all"/>
		<type fullname="UnityEngine.UI.Slider+SliderEvent" preserve="all"/>
		<type fullname="UnityEngine.UI.Slider+Direction" preserve="all"/>
		<type fullname="UnityEngine.UI.Slider" preserve="all"/>
		<type fullname="UnityEngine.UI.ScrollRect+ScrollRectEvent" preserve="all"/>
		<type fullname="UnityEngine.UI.ScrollRect+ScrollbarVisibility" preserve="all"/>
		<type fullname="UnityEngine.UI.ScrollRect+MovementType" preserve="all"/>
		<type fullname="UnityEngine.UI.ScrollRect" preserve="all"/>
		<type fullname="UnityEngine.UI.Scrollbar+ScrollEvent" preserve="all"/>
		<type fullname="UnityEngine.UI.Scrollbar+Direction" preserve="all"/>
		<type fullname="UnityEngine.UI.Scrollbar" preserve="all"/>
		<type fullname="UnityEngine.UI.RawImage" preserve="all"/>
		<type fullname="UnityEngine.UI.Outline" preserve="all"/>
		<type fullname="UnityEngine.UI.Mask" preserve="all"/>
		<type fullname="UnityEngine.UI.LayoutGroup" preserve="all"/>
		<type fullname="UnityEngine.UI.LayoutElement" preserve="all"/>
		<type fullname="UnityEngine.UI.InputField+OnChangeEvent" preserve="all"/>
		<type fullname="UnityEngine.UI.InputField+LineType" preserve="all"/>
		<type fullname="UnityEngine.UI.InputField+InputType" preserve="all"/>
		<type fullname="UnityEngine.UI.InputField+ContentType" preserve="all"/>
		<type fullname="UnityEngine.UI.InputField+CharacterValidation" preserve="all"/>
		<type fullname="UnityEngine.UI.InputField" preserve="all"/>
		<type fullname="UnityEngine.UI.Image+Type" preserve="all"/>
		<type fullname="UnityEngine.UI.Image+OriginVertical" preserve="all"/>
		<type fullname="UnityEngine.UI.Image+OriginHorizontal" preserve="all"/>
		<type fullname="UnityEngine.UI.Image+Origin360" preserve="all"/>
		<type fullname="UnityEngine.UI.Image+Origin180" preserve="all"/>
		<type fullname="UnityEngine.UI.Image+Origin90" preserve="all"/>
		<type fullname="UnityEngine.UI.Image+FillMethod" preserve="all"/>
		<type fullname="UnityEngine.UI.Image" preserve="all"/>
		<type fullname="UnityEngine.UI.HorizontalOrVerticalLayoutGroup" preserve="all"/>
		<type fullname="UnityEngine.UI.HorizontalLayoutGroup" preserve="all"/>
		<type fullname="UnityEngine.UI.GridLayoutGroup+Corner" preserve="all"/>
		<type fullname="UnityEngine.UI.GridLayoutGroup+Constraint" preserve="all"/>
		<type fullname="UnityEngine.UI.GridLayoutGroup+Axis" preserve="all"/>
		<type fullname="UnityEngine.UI.GridLayoutGroup" preserve="all"/>
		<type fullname="UnityEngine.UI.GraphicRegistry" preserve="all"/>
		<type fullname="UnityEngine.UI.GraphicRaycaster+BlockingObjects" preserve="all"/>
		<type fullname="UnityEngine.UI.GraphicRaycaster" preserve="all"/>
		<type fullname="UnityEngine.UI.Graphic" preserve="all"/>
		<type fullname="UnityEngine.UI.FontUpdateTracker" preserve="all"/>
		<type fullname="UnityEngine.UI.FontData" preserve="all"/>
		<type fullname="UnityEngine.UI.Button+ButtonClickedEvent" preserve="all"/>
		<type fullname="UnityEngine.UI.Button" preserve="all"/>
		<type fullname="UnityEngine.EventSystems.PointerEventData" preserve="all"/>
		<type fullname="UnityEngine.EventSystems.EventSystem" preserve="all"/>
		<type fullname="UnityEngine.EventSystems.EventTrigger" preserve="all"/>
		<type fullname="UnityEngine.EventSystems.BaseEventData" preserve="all"/>
		<type fullname="UnityEngine.EventSystems.AxisEventData" preserve="all"/>
		<type fullname="UnityEngine.EventSystems.AbstractEventData" preserve="all"/>
		<type fullname="UnityEngine.EventSystems.UIBehaviour" preserve="all"/>
		<type fullname="UnityEngine.EventSystems.BaseInput" preserve="all"/>
		<type fullname="UnityEngine.EventSystems.PointerInputModule" preserve="all"/>
		<type fullname="UnityEngine.EventSystems.BaseInputModule" preserve="all"/>
		<type fullname="UnityEngine.EventSystems.BaseRaycaster" preserve="all"/>
		<type fullname="UnityEngine.EventSystems.EventTrigger+Entry" preserve="all"/>
		<type fullname="UnityEngine.EventSystems.EventTrigger+TriggerEvent" preserve="all"/>
		<type fullname="UnityEngine.EventSystems.StandaloneInputModule" preserve="all"/>
		<type fullname="UnityEngine.EventSystems.Physics2DRaycaster" preserve="all"/>
		<type fullname="UnityEngine.EventSystems.PhysicsRaycaster" preserve="all"/>
		<type fullname="UnityEngine.EventSystems.RaycastResult" preserve="all"/>
		<type fullname="UnityEngine.EventSystems.EventHandle" preserve="all"/>
		<type fullname="UnityEngine.EventSystems.EventTriggerType" preserve="all"/>
		<type fullname="UnityEngine.EventSystems.MoveDirection" preserve="all"/>
		<type fullname="UnityEngine.EventSystems.ExecuteEvents" preserve="all"/>
		<type fullname="UnityEngine.UI.InputField+SubmitEvent" preserve="all"/>
		<type fullname="UnityEngine.UI.LayoutUtility" preserve="all"/>
		<type fullname="UnityEngine.UI.MaskUtilities" preserve="all"/>
		<type fullname="UnityEngine.UI.RectMask2D" preserve="all"/>
		<type fullname="UnityEngine.UI.MaskableGraphic" preserve="all"/>
		<type fullname="UnityEngine.UI.MaskableGraphic+CullStateChangedEvent" preserve="all"/>
		<type fullname="UnityEngine.UI.Selectable" preserve="all"/>
		<type fullname="UnityEngine.UI.Selectable+Transition" preserve="all"/>
		
	</assembly>

	<assembly fullname="UnityEngine">
	    <type fullname="UnityEngine.Events.UnityEventCallState" preserve="all"/>
		<type fullname="UnityEngine.Events.UnityEventBase" preserve="all"/>
		<type fullname="UnityEngine.Events.UnityEvent" preserve="all"/>
		<type fullname="UnityEngine.Events.UnityEvent`1[System.Single]" preserve="all"/>
		<type fullname="UnityEngine.Events.PersistentListenerMode" preserve="all"/>
		<type fullname="UnityEngine.Event" preserve="all"/>
		<type fullname="UnityEngine.WWW" preserve="all"/>
		<type fullname="UnityEngine.WWWForm" preserve="all"/>
		<type fullname="UnityEngine.Vector4" preserve="all"/>
		<type fullname="UnityEngine.Vector3" preserve="all"/>
		<type fullname="UnityEngine.Vector2" preserve="all"/>
		<type fullname="UnityEngine.Transform" preserve="all"/>
		<type fullname="UnityEngine.Time" preserve="all"/>
		<type fullname="UnityEngine.TextAsset" preserve="all"/>
		<type fullname="UnityEngine.SystemLanguage" preserve="all"/>
		<type fullname="UnityEngine.SystemInfo" preserve="all"/>
		<type fullname="UnityEngine.Sprite" preserve="all"/>
		<type fullname="UnityEngine.Screen" preserve="all"/>
		<type fullname="UnityEngine.ScaleMode" preserve="all"/>
		<type fullname="UnityEngine.RuntimePlatform" preserve="all"/>
		<type fullname="UnityEngine.Resources" preserve="all"/>
		<type fullname="UnityEngine.ResourceRequest" preserve="all"/>
		<type fullname="UnityEngine.Resolution" preserve="all"/>
		<type fullname="UnityEngine.RectTransformUtility" preserve="all"/>
		<type fullname="UnityEngine.RectTransform+Edge" preserve="all"/>
		<type fullname="UnityEngine.RectTransform+Axis" preserve="all"/>
		<type fullname="UnityEngine.RectTransform" preserve="all"/>
		<type fullname="UnityEngine.RectOffset" preserve="all"/>
		<type fullname="UnityEngine.Rect" preserve="all"/>
		<type fullname="UnityEngine.Random" preserve="all"/>
		<type fullname="UnityEngine.PlayerPrefs" preserve="all"/>
		<type fullname="UnityEngine.ParticleSystem" preserve="all"/>
		<type fullname="UnityEngine.Object" preserve="all"/>
		<type fullname="UnityEngine.MonoBehaviour" preserve="all"/>
		<type fullname="UnityEngine.Mathf" preserve="all"/>
		<type fullname="UnityEngine.Material" preserve="all"/>
		<type fullname="UnityEngine.LineRenderer" preserve="all"/>
		<type fullname="UnityEngine.LayerMask" preserve="all"/>
		<type fullname="UnityEngine.KeyCode" preserve="all"/>
		<type fullname="UnityEngine.Input" preserve="all"/>
		<type fullname="UnityEngine.Graphics" preserve="all"/>
		<type fullname="UnityEngine.GameObject" preserve="all"/>
		<type fullname="UnityEngine.Font" preserve="all"/>
		<type fullname="UnityEngine.DeviceType" preserve="all"/>
		<type fullname="UnityEngine.DeviceOrientation" preserve="all"/>
		<type fullname="UnityEngine.Debug" preserve="all"/>
		<type fullname="UnityEngine.Component" preserve="all"/>
		<type fullname="UnityEngine.ColorUtility" preserve="all"/>
		<type fullname="UnityEngine.ColorSpace" preserve="all"/>
		<type fullname="UnityEngine.Color32" preserve="all"/>
		<type fullname="UnityEngine.Color" preserve="all"/>
		<type fullname="UnityEngine.CanvasGroup" preserve="all"/>
		<type fullname="UnityEngine.Canvas" preserve="all"/>
		<type fullname="UnityEngine.CameraType" preserve="all"/>
		<type fullname="UnityEngine.CameraClearFlags" preserve="all"/>
		<type fullname="UnityEngine.Camera" preserve="all"/>
		<type fullname="UnityEngine.Behaviour" preserve="all"/>
		<type fullname="UnityEngine.AudioSource" preserve="all"/>
		<type fullname="UnityEngine.AudioListener" preserve="all"/>
		<type fullname="UnityEngine.AudioClip" preserve="all"/>
		<type fullname="UnityEngine.AsyncOperation" preserve="all"/>
		<type fullname="UnityEngine.AssetBundleRequest" preserve="all"/>
		<type fullname="UnityEngine.AssetBundleManifest" preserve="all"/>
		<type fullname="UnityEngine.AssetBundle" preserve="all"/>
		<type fullname="UnityEngine.Application" preserve="all"/>
		<type fullname="UnityEngine.Animator" preserve="all"/>
		<type fullname="UnityEngine.Animation" preserve="all"/>
		<type fullname="UnityEngine.AnimationBlendMode" preserve="all"/>
		<type fullname="UnityEngine.AnimationClip" preserve="all"/>
		<type fullname="UnityEngine.AnimationPlayMode" preserve="all"/>
		<type fullname="UnityEngine.AnimationState" preserve="all"/>
		<type fullname="UnityEngine.SleepTimeout" preserve="all"/>
		<type fullname="UnityEngine.WrapMode" preserve="all"/>
		<type fullname="UnityEngine.TextAnchor" preserve="all"/>
		<type fullname="UnityEngine.SceneManagement.Scene" preserve="all"/>
		<type fullname="UnityEngine.SceneManagement.SceneManager" preserve="all"/>
		<type fullname="UnityEngine.SceneManagement.SceneUtility" preserve="all"/>
		<type fullname="UnityEngine.SceneManagement.LoadSceneMode" preserve="all"/>
		<type fullname="UnityEngine.BoxCollider" preserve="all"/>
		<type fullname="UnityEngine.BoxCollider2D" preserve="all"/>
		<type fullname="UnityEngine.Collider" preserve="all"/>
		<type fullname="UnityEngine.Collider2D" preserve="all"/>
		<type fullname="UnityEngine.ColliderDistance2D" preserve="all"/>
		<type fullname="UnityEngine.Collision" preserve="all"/>
		<type fullname="UnityEngine.Collision2D" preserve="all"/>
		<type fullname="UnityEngine.CollisionDetectionMode" preserve="all"/>
		<type fullname="UnityEngine.CollisionDetectionMode2D" preserve="all"/>
		<type fullname="UnityEngine.CollisionFlags" preserve="all"/>
		<type fullname="UnityEngine.JsonUtility" preserve="all"/>
		<type fullname="UnityEngine.Touch" preserve="all"/>
		<type fullname="UnityEngine.AnimationCurve" preserve="all"/>
		<type fullname="UnityEngine.Bounds" preserve="all"/>
		<type fullname="UnityEngine.Camera+MonoOrStereoscopicEye" preserve="all"/>
		<type fullname="UnityEngine.Camera+StereoscopicEye" preserve="all"/>
		<type fullname="UnityEngine.Keyframe" preserve="all"/>
		<type fullname="UnityEngine.Quaternion" preserve="all"/>
		<type fullname="UnityEngine.Ray" preserve="all"/>
		<type fullname="UnityEngine.Ray2D" preserve="all"/>
		<type fullname="UnityEngine.RaycastHit" preserve="all"/>
		<type fullname="UnityEngine.RaycastHit2D" preserve="all"/>
		<type fullname="UnityEngine.Renderer" preserve="all"/>
		<type fullname="UnityEngine.SkinnedMeshRenderer" preserve="all"/>
		<type fullname="UnityEngine.WaitForSeconds" preserve="all"/>
		
	</assembly>

</linker>