<?xml version="1.0" encoding="utf-8" standalone="yes"?>
<basenode>
    <!--<node appName="777大赢家" bunldId="com.vgame.dyj" appId="1888888888" channelId="10088" id="无" skin="1" style="1" des="企业包"/>
    <node appName="荣耀棋牌" bunldId="com.agame.dyj" appId="1999999999" channelId="10099" id="2" skin="1" des="企业包"/>
    <node appName="皇冠电玩城" bunldId="com.bgame.dyj" appId="4000000000" channelId="40000" id="3" skin="1" des="企业包"/>
    <node appName="百汇电玩" bunldId="com.lgame.dyj" appId="5000000000" channelId="50000" id="4" skin="1" des="企业包"/>
    <node appName="豆豆棋牌" bunldId="com.cgame.dyj" appId="6000000000" channelId="60000" id="5" skin="1" des="企业包"/> 
    <node appName="九州棋牌" bunldId="com.dgame.dyj" appId="7000000000" channelId="70000" id="6" skin="1" des="企业包"/>
    <node appName="325棋牌" bunldId="com.egame.dyj" appId="8000000000" channelId="80000" id="7" skin="1" des="企业包"/> 
    <node appName="777娱乐城" bunldId="com.fgame.dyj" appId="9000000000" channelId="90000" id="8" skin="1" des="企业包"/>
    <node appName="大神棋牌" bunldId="com.ggame.dyj" appId="2000100000" channelId="20001" id="9" skin="1" des="企业包"/>
    <node appName="午夜娱乐" bunldId="com.hgame.dyj" appId="2000200000" channelId="20002" id="10" skin="1" des="企业包"/>
    <node appName="云顶棋牌" bunldId="com.igame.dyj" appId="2000300000" channelId="20003" id="11" skin="1" des="企业包"/>
    <node appName="仙豆棋牌" bunldId="com.jgame.dyj" appId="2000400000" channelId="20004" id="12" skin="1" des="企业包"/>
    <node appName="吉祥棋牌" bunldId="com.kgame.dyj" appId="2000500000" channelId="20005" id="13" skin="1" des="企业包"/>
    <node appName="天天娱乐城" bunldId="com.qgame.dyj" appId="2000600000" channelId="20006" id="14" skin="1" des="企业包"/>
    <node appName="同城乐斗地主" bunldId="com.mgame.dyj" appId="2000700000" channelId="20007" id="15" skin="1" des="企业包(1-15)"/>
    <node appName="同城乐二七王" bunldId="com.mgame.dyj" appId="2000700000" channelId="20007" id="15" skin="1" des="企业包(16-20)"/>
    <node appName="桃记斗地主" bunldId="com.ngame.dyj" appId="2000800000" channelId="20008" id="16" skin="1" des="企业包"/>
    <node appName="皇冠电玩城2" bunldId="com.xgame.dyj" appId="2000900000" channelId="20009" id="17" skin="1" des="企业包"/>
    <node appName="享趣棋牌" bunldId="com.zgame.dyj" appId="2001000000" channelId="20010" id="18" skin="1" des="企业包"/>
    <node appName="好玩棋牌" bunldId="com.wgame.dyj" appId="2001100000" channelId="20011" id="19" skin="1" des="企业包"/> 
    <node appName="大眼斗地主" bunldId="com.rgame.dyj" appId="2001200000" channelId="20012" id="20" skin="1" des="企业包"/>
    <node appName="微乐棋牌" bunldId="com.dyj.agame" appId="2001300000" channelId="20013" id="41" skin="2" des="企业包"/>
    <node appName="星月棋牌" bunldId="com.dyj.bgame" appId="2001400000" channelId="20014" id="42" skin="1" des="企业包"/>
    <node appName="捕鱼大师" bunldId="com.ygame.dyj" appId="2001500000" channelId="20015" id="21" skin="1" des="企业包"/>
    <node appName="名都棋牌" bunldId="com.dyj.cgame" appId="2001600000" channelId="20016" id="22" skin="1" des="企业包"/>
    <node appName="爱玩拼三张" bunldId="com.dyj.dgame" appId="2001700000" channelId="20017" id="23" skin="1" des="企业包"/>
    <node appName="全民棋牌" bunldId="com.dyj.egame" appId="2001800000" channelId="20018" id="24" skin="1" des="企业包"/>
    <node appName="王牌娱乐" bunldId="com.dyj.fgame" appId="2001900000" channelId="20019" id="25" skin="1" des="企业包"/>
    <node appName="真金棋牌-秒上下分" bunldId="com.dyj.ggame" appId="2002000000" channelId="20020" id="26" skin="1" des="企业包"/>-->
    <node appName="英皇娱乐城" bunldId="com.dyj.hgame" appId="2002100000" channelId="20021" id="27" skin="1" des="企业包"/>
    <node appName="约战跑得快" bunldId="com.dyj.igame" appId="2002200000" channelId="20022" id="28" skin="1" des="企业包"/>
    <node appName="老牌友斗地主" bunldId="com.dyj.kgame" appId="2002300000" channelId="20023" id="29" skin="1" des="企业包"/>
    <node appName="大赢家" bunldId="com.dyj.jgame" appId="2002400000" channelId="20024" id="30" skin="2" des="企业包比赛专用"/>
    <node appName="宝马棋牌" bunldId="com.dyj.lgame" appId="2002500000" channelId="20025" id="31" skin="2" des="企业包"/>
    <node appName="禾城麻将" bunldId="com.dyj.zgame" appId="2002600000" channelId="20026" id="32" skin="2" des="企业包"/>
    <node appName="侨新游戏" bunldId="com.dyj.xgame" appId="2002700000" channelId="20027" id="33" skin="2" des="企业包 10为审核"/>
    <node appName="201牛牛" bunldId="com.dyj.vgame" appId="2002800000" channelId="20028" id="34" skin="2" des="企业包"/>
    <node appName="迪祥斗地主" bunldId="com.dyj.ngame" appId="2002900000" channelId="20029" id="35" skin="2" des="企业包"/>
    <node appName="奥云黑龙江麻将" bunldId="com.dyj.mgame" appId="2003000000" channelId="20030" id="36" skin="2" des="企业包"/>
    <node appName="朋客麻将" bunldId="com.dyj.qgame" appId="2003100000" channelId="20031" id="37" skin="2" des="企业包"/>
    <node appName="都成麻将" bunldId="com.dyj.wgame" appId="2003200000" channelId="20032" id="38" skin="2" des="企业包"/>
    <node appName="亲友斗地主" bunldId="com.dyj.rgame" appId="2003300000" channelId="20033" id="39" skin="2" des="企业包"/>
    <node appName="湘约麻将" bunldId="com.dyj.tgame" appId="2003400000" channelId="20034" id="40" skin="2" des="企业包"/>
    <node appName="欢乐来斗牛" bunldId="com.dyj.ygame" appId="2003500000" channelId="20035" id="43" skin="2" des="企业包"/>
    <node appName="0304牛牛" bunldId="com.dyj.ugame" appId="2003600000" channelId="20036" id="44" skin="2" des="企业包"/>
    <node appName="功夫牛牛" bunldId="com.dyj.ogame" appId="2003700000" channelId="20037" id="45" skin="2" des="企业包"/>
    <node appName="大亨湖北麻将" bunldId="com.dyj.pgame" appId="2003800000" channelId="20038" id="46" skin="2" des="企业包"/>
    <node appName="温州麻将" bunldId="com.dyj.sgame" appId="2003900000" channelId="20039" id="47" skin="2" des="企业包"/>
    <node appName="金沙娱乐城" bunldId="com.dyj.gamea" appId="2004000000" channelId="20040" id="48" skin="3" des="企业包"/>
    <node appName="远航斗地主" bunldId="com.dyj.gameb" appId="2004100000" channelId="20041" id="49" skin="3" des="企业包"/>
    <node appName="天天摸麻将" bunldId="com.dyj.gamec" appId="2004200000" channelId="20042" id="50" skin="3" des="企业包"/>
    <node appName="亲友棋牌" bunldId="com.dyj.gamed" appId="2004300000" channelId="20043" id="51" skin="3" des="企业包"/>
    <node appName="触玩斗地主" bunldId="com.dyj.gamee" appId="2004400000" channelId="20044" id="52" skin="3" des="企业包"/>
    <node appName="全民斗地主" bunldId="com.dyj.gamef" appId="2004500000" channelId="20045" id="53" skin="3" des="企业包 1为审核"/>
    <node appName="热门斗地主" bunldId="com.dyj.gameg" appId="2004600000" channelId="20046" id="54" skin="3" des="企业包 1为审核"/>
    <node appName="777大赢家" bunldId="com.hot.dyj" appId="1360291507" channelId="10000" skin="1"/>
    <node appName="真人棋牌-斗地主金花牛牛" bunldId="com.hbt.zrqp" appId="1360319074" channelId="10001" skin="1"/>
    <node appName="午夜娱乐-百家乐龙虎斗" bunldId="com.ced.wyyl" appId="1372527075" channelId="10002" skin="1"/> 
    <node appName="大富豪电玩-龙虎斗百家乐" bunldId="com.ljf.dfhdw" appId="1372523930" channelId="10003" skin="1"/>
    <node appName="涂涂娱乐-天天斗地主" bunldId="com.jkk.ttyl" appId="1374315333" channelId="10004" skin="1"/>
    <node appName="疯狂电玩城-经典水果机" bunldId="com.ert.fkdwc" appId="1372526038" channelId="10005" skin="1"/>
    <node appName="鼎鼎游戏厅-电玩城街机游戏集合" bunldId="com.bmn.ddyxt" appId="1360573859" channelId="10006" skin="1"/>
    <node appName="皇冠娱乐城-真人龙虎斗" bunldId="com.kkk.hgylc" appId="1374777442" channelId="10007" skin="1"/>
    <node appName="皇冠电玩城" bunldId="com.wdc.ttyl" appId="1375399934" channelId="10008" skin="1"/>
    <node appName="天天娱乐城-在线手机棋牌" bunldId="com.dce.ttylc" appId="1374111466" channelId="10009" skin="1"/>
    <node appName="金花大本营-炸金花" bunldId="com.ccv.jhdby" appId="1376415299" channelId="10010" skin="1"/>
    <node appName="百汇电玩-大家乐" bunldId="com.bqq.bhdwc" appId="1377157477" channelId="10011" skin="1"/>
    <node appName="开心电玩城-时时版" bunldId="com.kkx.kxdwc" appId="1377208354" channelId="10012" skin="1"/>
    <node appName="皇朝娱乐-土豪专场" bunldId="com.hcc.hcyl" appId="1377217327" channelId="10013" skin="1"/>
    <node appName="众乐游-刺激好玩" bunldId="com.hcc.hcyl" appId="1377217327" channelId="10013" skin="1"/>
    <node appName="KK斗地主-全民在线" bunldId="com.zas.kkddz" appId="1378081643" channelId="10014" skin="1"/>
    <node appName="银河棋牌-同城在线" bunldId="com.vcc.yhqp" appId="1377171843" channelId="10015" skin="1"/>
    <node appName="全民斗地主-真人对战" bunldId="com.ddz.qmddz" appId="1378079917" channelId="10016" skin="1"/>
    <node appName="雀友汇游艺-川麻" bunldId="com.ldc.qyhyy" appId="1380597145" channelId="10017" skin="1"/>
    <node appName="欢乐棋牌-斗地主" bunldId="com.erc.hlqp" appId="1378998114" channelId="10018" skin="1"/>
    <node appName="金花娱乐-全民在线" bunldId="com.hhd.jhyl" appId="1378568457" channelId="10019" skin="1"/>
    <node appName="E时代娱乐-好玩刺激" bunldId="com.kjj.esdyl" appId="1378561587" channelId="10020" skin="1" des="2-3"/>
    <node appName="同乡棋牌-好玩刺激" bunldId="com.kjj.esdyl" appId="1378561587" channelId="10020" skin="1" des="1,10"/>
    <node appName="阜阳麻将圈-好玩刺激" bunldId="com.kjj.esdyl" appId="1378561587" channelId="10020" skin="1" des="4"/>
    <node appName="15游斗地主-好玩刺激" bunldId="com.kjj.esdyl" appId="1378561587" channelId="10020" skin="1" des="5"/>
    <node appName="前锋联盟三人斗地主" bunldId="com.kjj.esdyl" appId="1378561587" channelId="10020" skin="1" des="6"/>
    <node appName="爱度斗地主" bunldId="com.kjj.esdyl" appId="1378561587" channelId="10020" skin="1" des="7"/>
    <node appName="众乐游-好玩刺激" bunldId="com.kjj.esdyl" appId="1378561587" channelId="10020" skin="1" des="8"/>
    <node appName="基米国际棋牌" bunldId="com.kjj.esdyl" appId="1378561587" channelId="10020" skin="1" des="9"/>
    <node appName="梦幻娱乐" bunldId="com.kjj.esdyl" appId="1378561587" channelId="10020" skin="1" des="11"/>
    <node appName="乐橙斗地主" bunldId="com.kjj.esdyl" appId="1378561587" channelId="10020" skin="1" des="12"/>
    <node appName="欢鱼斗地主" bunldId="com.kjj.esdyl" appId="1378561587" channelId="10020" skin="1" des="13"/>
    <node appName="欢乐谷棋牌" bunldId="com.kjj.esdyl" appId="1378561587" channelId="10020" skin="1" des="14"/>
    <node appName="欢乐谷游戏" bunldId="com.kjj.esdyl" appId="1378561587" channelId="10020" skin="1" des="15-20"/>
    <node appName="斗地主" bunldId="com.kjj.esdyl" appId="1378561587" channelId="10020" skin="1" des="21-23"/>
    <node appName="云顶斗地主" bunldId="com.kjj.esdyl" appId="1378561587" channelId="10020" skin="1" des="25"/>
    <node appName="喜喜斗地主" bunldId="com.kjj.esdyl" appId="1378561587" channelId="10020" skin="1" des="26"/>
    <node appName="桃记斗地主" bunldId="com.kjj.esdyl" appId="1378561587" channelId="10020" skin="1" des="24,27"/>
    <node appName="街机千炮捕鱼" bunldId="com.kjj.esdyl" appId="1378561587" channelId="10020" skin="1" des="28"/>
    <node appName="同城乐斗地主" bunldId="com.kjj.esdyl" appId="1378561587" channelId="10020" skin="1" des="29"/>
    <node appName="同城乐王者捕鱼" bunldId="com.kjj.esdyl" appId="1378561587" channelId="10020" skin="1" des="30"/>
    <node appName="同城乐跑得快" bunldId="com.kjj.esdyl" appId="1378561587" channelId="10020" skin="1" des="31"/>
    <node appName="同城乐二七王" bunldId="com.kjj.esdyl" appId="1378561587" channelId="10020" skin="1" des="32"/>
    <node appName="同城乐上饶打炸" bunldId="com.kjj.esdyl" appId="1378561587" channelId="10020" skin="1" des="33"/>
    <node appName="奥云麻将" bunldId="com.kjj.esdyl" appId="1378561587" channelId="10020" skin="1" des="34"/>
    <node appName="天宇娱乐-Gold" bunldId="com.jhnn.tyyl" appId="1383604806" channelId="10021" skin="1"/>
    <node appName="英伦娱乐-风靡全球" bunldId="com.bde.ylyl" appId="1386115863" channelId="10022" skin="1"/>
    <node appName="豆豆棋牌-自主交易" bunldId="com.zyjy.ddqp" appId="1388870654" channelId="10023" skin="1"/>
    <node appName="21点娱乐-21点在线" bunldId="com.esy.esydyl" appId="1382155170" channelId="10024" skin="1"/>
    <node appName="莉莉棋牌-百家乐" bunldId="com.bjl.llqp" appId="1390339378" channelId="10025" skin="1"/>
    <node appName="大神棋牌-金花版" bunldId="com.jhb.dsqp" appId="1396988082" channelId="10026" skin="1"/>
    <node appName="小明炸金花-线上娱乐" bunldId="com.xsyl.xmzjh" appId="1388897738" channelId="10027" skin="1"/>
    <node appName="淘淘娱乐-手机棋牌" bunldId="com.sjqp.tbyl" appId="1390337369" channelId="10028" skin="1"/>
    <node appName="梦幻娱乐-百人牛" bunldId="com.brn.mhyl" appId="1396986550" channelId="10029" skin="1"/>
    <node appName="金贝棋牌-电玩娱乐" bunldId="com.dwc.jbqp" appId="1399429915" channelId="10030" skin="2"/>
    <node appName="云顶棋牌-顶尖对决" bunldId="com.djd.ydqp" appId="1397694785" channelId="10031" skin="1"/> 
    <node appName="国际棋牌-拼牛" bunldId="com.brn.gjdjd" appId="1403240945" channelId="10032" skin="1"/>
    <node appName="888棋牌-金花" bunldId="com.jh.bbbqp" appId="1401835403" channelId="10033" skin="1"/>
    <node appName="左右棋牌-街机电玩" bunldId="com.sxj.zyqp" appId="1403237934" channelId="10034" skin="1"/>
    <node appName="名都棋牌-金牌" bunldId="com.jpy.mdqp" appId="1403237934" channelId="10035" skin="1"/>  
    <node appName="不思议棋牌-争上游" bunldId="com.zsy.bsyqp" appId="1403751350" channelId="10036" skin="1"/> 
    <node appName="迎丰棋牌-牛天下" bunldId="com.ntx.yfqp" appId="1405917853" channelId="10037" skin="1"/> 
    <node appName="仙豆棋牌-龙腾虎跃" bunldId="com.lth.sdqp" appId="1405916155" channelId="10038" skin="1"/> 
    <node appName="吉祥棋牌-斗地主" bunldId="com.ddz.jxqp" appId="1405454132" channelId="10039" skin="1"/>
    <node appName="天天斗公牛-抢牛" bunldId="com.lhd.hmyl" appId="1413053500" channelId="10040" skin="1"/> 
    <node appName="金贝电玩城-游戏集合" bunldId="com.yx.xhdwc" appId="1416687257" channelId="10041" skin="1"/>
    <node appName="全民电玩-街机版" bunldId="com.jjb.qmdw" appId="1416635838" channelId="10042" skin="2"/>
    <node appName="全民娱乐-金花版" bunldId="com.zjh.qmqp" appId="1390438675" channelId="10043" skin="2" />
    <node appName="亲友斗地主(审核)" bunldId="com.tencent.tmgp.qygame" appId="1888888888" channelId="10044" skin="1"/>
    <node appName="乐享竞技-休闲集合" bunldId="com.hj.lxjj" appId="1435565618" channelId="10045" skin="1"/>
    <node appName="集结号电动-拼" bunldId="com.jjhdd.p" appId="1436435463" channelId="10046" skin="1"/>
    <node appName="海明燕竞技-好玩刺激" bunldId="com.hmy.jj" appId="1436806817" channelId="10047" skin="2"/>
    <node appName="虎皇互娱-龙争虎斗" bunldId="com.hh.hy" appId="1436808516" channelId="10048" skin="1"/>
    <node appName="开朗游艺-水果版" bunldId="com.klyy.kl" appId="1436827034" channelId="10049" skin="2"/>
    <node appName="金太阳互娱-休闲版" bunldId="com.jty.hy" appId="1436806112" channelId="10050" skin="2"/>
    <node appName="像素方块-经典俄罗斯" bunldId="com.xsfk.jddj" appId="1444386254" channelId="10051" skin="2"/>
</basenode>