<?xml version="1.0" encoding="utf-8" standalone="yes"?>
<!-- edited with XMLSpy v2013 (http://www.altova.com) by  () -->
<basenode>
	
	<!-- 【01】 777棋牌-->
	<node bunldId="com.hot.xxx" packageName="hall" additionPackageName="" androidProject="com.hot.xxx" platform="Android" describe="大厅"/>
	<node bunldId="com.hot.xxx.bjl" packageName="bjl" additionPackageName="" androidProject="" platform="Android" describe="百家乐"/>
  <node bunldId="com.hot.xxx.by" packageName="by" additionPackageName="" androidProject="" platform="Android" describe="捕鱼"/>
  <node bunldId="com.hot.xxx.ddz" packageName="ddz" additionPackageName="" androidProject="" platform="Android" describe="斗地主"/>
  <node bunldId="com.hot.xxx.dzpk" packageName="dzpk" additionPackageName="" androidProject="" platform="Android" describe="德州扑克"/>
  <node bunldId="com.hot.xxx.ermj" packageName="ermj" additionPackageName="" androidProject="" platform="Android" describe="二人麻将"/>
  <node bunldId="com.hot.xxx.fkeb" packageName="fkeb" additionPackageName="" androidProject="" platform="Android" describe="疯狂二八"/>
  <node bunldId="com.hot.xxx.lhd" packageName="lhd" additionPackageName="" androidProject="" platform="Android" describe="龙虎斗"/>
  <node bunldId="com.hot.xxx.qzesyd" packageName="qzesyd" additionPackageName="" androidProject="" platform="Android" describe="抢庄21点"/>
  <node bunldId="com.hot.xxx.qznn" packageName="qznn" additionPackageName="" androidProject="" platform="Android" describe="抢庄牛牛"/>
  <node bunldId="com.hot.xxx.sangong" packageName="sangong" additionPackageName="" androidProject="" platform="Android" describe="三公"/>
  <node bunldId="com.hot.xxx.scmj" packageName="scmj" additionPackageName="" androidProject="" platform="Android" describe="四川麻将"/>
  <node bunldId="com.hot.xxx.sgj" packageName="sgj" additionPackageName="" androidProject="" platform="Android" describe="水果机"/>
  <node bunldId="com.hot.xxx.srnn" packageName="srnn" additionPackageName="" androidProject="" platform="Android" describe="双人牛牛"/>
  <node bunldId="com.hot.xxx.sss" packageName="sss" additionPackageName="" androidProject="" platform="Android" describe="十三水"/>
  <node bunldId="com.hot.xxx.tbnn" packageName="tbnn" additionPackageName="" androidProject="" platform="Android" describe="通比牛牛"/>
  <node bunldId="com.hot.xxx.ttz" packageName="ttz" additionPackageName="" androidProject="" platform="Android" describe="二八杠"/>
  <node bunldId="com.hot.xxx.wzp" packageName="wzp" additionPackageName="" androidProject="" platform="Android" describe="梭哈"/>
  <node bunldId="com.hot.xxx.zjh" packageName="zjh" additionPackageName="" androidProject="" platform="Android" describe="炸金花"/>
  <node bunldId="com.hot.xxx.brnn" packageName="brnn" additionPackageName="" androidProject="" platform="Android" describe="百人牛牛"/>
  <node bunldId="com.hot.xxx.wrjh" packageName="wrjh" additionPackageName="" androidProject="" platform="Android" describe="万人金花"/>
  <node bunldId="com.hot.xxx.wreb" packageName="wreb" additionPackageName="" androidProject="" platform="Android" describe="万人二八"/>
  <node bunldId="com.hot.xxx.wxhh" packageName="wxhh" additionPackageName="" androidProject="" platform="Android" describe="五星宏辉"/>
  <node bunldId="com.hot.xxx.wjk" packageName="wjk" additionPackageName="" androidProject="" platform="Android" describe="挖金矿"/>
  <node bunldId="com.hot.xxx" packageName="hall" additionPackageName="" androidProject="" platform="iOS" describe="大厅"/>
  <node bunldId="com.hot.xxx.bjl" packageName="bjl" additionPackageName="" androidProject="" platform="iOS" describe="百家乐"/>
  <node bunldId="com.hot.xxx.by" packageName="by" additionPackageName="" androidProject="" platform="iOS" describe="捕鱼"/>
  <node bunldId="com.hot.xxx.ddz" packageName="ddz" additionPackageName="" androidProject="" platform="iOS" describe="斗地主"/>
  <node bunldId="com.hot.xxx.dzpk" packageName="dzpk" additionPackageName="" androidProject="" platform="iOS" describe="德州扑克"/>
  <node bunldId="com.hot.xxx.ermj" packageName="ermj" additionPackageName="" androidProject="" platform="iOS" describe="二人麻将"/>
  <node bunldId="com.hot.xxx.fkeb" packageName="fkeb" additionPackageName="" androidProject="" platform="iOS" describe="疯狂二八"/>
  <node bunldId="com.hot.xxx.lhd" packageName="lhd" additionPackageName="" androidProject="" platform="iOS" describe="龙虎斗"/>
  <node bunldId="com.hot.xxx.qzesyd" packageName="qzesyd" additionPackageName="" androidProject="" platform="iOS" describe="抢庄21点"/>
  <node bunldId="com.hot.xxx.qznn" packageName="qznn" additionPackageName="" androidProject="" platform="iOS" describe="抢庄牛牛"/>
  <node bunldId="com.hot.xxx.sangong" packageName="sangong" additionPackageName="" androidProject="" platform="iOS" describe="三公"/>
  <node bunldId="com.hot.xxx.scmj" packageName="scmj" additionPackageName="" androidProject="" platform="iOS" describe="四川麻将"/>
  <node bunldId="com.hot.xxx.sgj" packageName="sgj" additionPackageName="" androidProject="" platform="iOS" describe="水果机"/>
  <node bunldId="com.hot.xxx.srnn" packageName="srnn" additionPackageName="" androidProject="" platform="iOS" describe="双人牛牛"/>
  <node bunldId="com.hot.xxx.sss" packageName="sss" additionPackageName="" androidProject="" platform="iOS" describe="十三水"/>
  <node bunldId="com.hot.xxx.tbnn" packageName="tbnn" additionPackageName="" androidProject="" platform="iOS" describe="通比牛牛"/>
  <node bunldId="com.hot.xxx.ttz" packageName="ttz" additionPackageName="" androidProject="" platform="iOS" describe="二八杠"/>
  <node bunldId="com.hot.xxx.wzp" packageName="wzp" additionPackageName="" androidProject="" platform="iOS" describe="梭哈"/>
  <node bunldId="com.hot.xxx.zjh" packageName="zjh" additionPackageName="" androidProject="" platform="iOS" describe="炸金花"/>
  <node bunldId="com.hot.xxx.brnn" packageName="brnn" additionPackageName="" androidProject="" platform="iOS" describe="百人牛牛"/>
  <node bunldId="com.hot.xxx.wrjh" packageName="wrjh" additionPackageName="" androidProject="" platform="iOS" describe="万人金花"/>
  <node bunldId="com.hot.xxx.wreb" packageName="wreb" additionPackageName="" androidProject="" platform="iOS" describe="万人二八"/>
  <node bunldId="com.hot.xxx.wxhh" packageName="wxhh" additionPackageName="" androidProject="" platform="iOS" describe="五星宏辉"/>
  <node bunldId="com.hot.xxx.wjk" packageName="wjk" additionPackageName="" androidProject="" platform="iOS" describe="挖金矿"/>
</basenode>